年度,授業名,教員名
2015,基本科目憲法,渋谷秀樹
2015,基本科目民法1,森田修
2015,基本科目民法2,道垣内弘人
2015,基本科目刑法,佐伯仁志・古田啓昌
2015,リサーチ、ライティング&ドラフティング,古田啓昌・松村祐土・黒田康之・荻野淳
2015,①②上級憲法,宍戸常寿
2015,③④上級憲法,石川健治
2015,公法訴訟システム,宍戸常寿・太田匡彦・山本隆司・石川健治
2015,①上級民法2,中田裕康
2015,②上級民法2,大村敦志
2015,③上級民法2,沖野眞已
2015,④上級民法2,道垣内弘人
2015,民事系判例研究,森田宏樹・中園浩一郎・大下慶太郎・古田啓昌
2015,上級商法2(総合),神作裕之
2015,上級商法2(総合),藤田友敬
2015,上級商法2(総合),加藤貴仁
2015,上級商法2(商事売買等),小林一
2015,上級商法2(金融),大下慶太郎
2015,上級民事訴訟法,高田裕成・畑瑞穂・垣内秀介・菱田雄郷
2015,上級刑事訴訟法,大澤裕・川出敏裕
2015,法のパースペクティブ,太田勝造
2015,法のパースペクティブ,海老原明夫
2015,民事弁護研究,相原亮介
2015,英米法総論,柿嶋美子
2015,知的財産法,大渕哲也
2015,知的財産法,末吉亙
2015,労働法,山川隆一
2015,労働法,荒木尚志
2015,経済法,白石忠志
2015,国際租税法,増井良啓・藤枝純
2015,国際経済法,岩澤雄司・中谷和弘
2015,国際人権法,寺谷広司
2015,ヨーロッパ法,伊藤洋一
2015,現代中国法,高見澤麿
2015,法制史2,新田一郎
2015,法医学,岩瀬博太郎
2015,地方自治法,宇賀克也
2015,消費者法,森田宏樹
2015,環境法,中谷和弘・大塚直・交告尚史
2015,信託法,樋口範雄・神作裕之・沖野眞已
2015,民事執行・保全法,畑瑞穂
2015,金融商品取引法,松尾直彦
2015,金融取引課税法,太田洋
2015,少年非行と法,植村立郎
2015,基本科目行政法,太田匡彦
2015,基本科目民法3,沖野眞已
2015,A基本科目商法,神作裕之
2015,B基本科目商法,後藤元
2015,A基本科目民事訴訟法,高田裕成
2015,B基本科目民事訴訟法,垣内秀介
2015,基本科目刑事訴訟法,大澤裕
2015,上級行政法,宇賀克也・交告尚史
2015,①上級民法1,河上正二
2015,②上級民法1,大村敦志
2015,③上級民法1,森田修
2015,④上級民法1,森田宏樹
2015,上級商法1(会社法総合),神田秀樹
2015,上級商法1(会社法総合),加藤貴仁
2015,上級商法1(会社法総合),後藤元
2015,上級商法1(M&A),松村祐土
2015,上級商法(閉鎖会社),手塚裕之
2015,上級刑法,佐伯仁志・橋爪隆・樋口亮介
2015,民事実務基礎,家原尚秀・渡邊英夫
2015,刑事実務基礎,中村光・宮村啓太・岡慎一・植村立郎・東山太郎
2015,法曹倫理,古田啓昌・黒田康之・井上幸夫・峰隆之
2015,現代法の基本問題,樋口範雄・児玉安司
2015,現代法の基本問題,木庭顕
2015,現代法の基本問題,松原健太郎・石本茂彦
2015,現代法の基本問題,両角吉晃
2015,倒産法,松下淳一
2015,租税法,増井良啓
2015,国際法,中谷和弘
2015,現代法過程論,太田勝造
2015,法と経済学,田中亘
2015,財政法,中里実・藤谷武史
2015,情報法,山口いつ子
2015,立法学,塩田智明
2015,社会保障法,岩村正彦
2015,裁判外紛争処理法,垣内秀介
2015,会社労使関係法,神作裕之・井上幸夫・峰隆之・岩村正彦
2015,国際取引法,藤田友敬・平野温郎・唐津恵一・中川淳司・中里実・松下淳一
2015,コンピューター法,城山康文
2015,経済刑法,樋口亮介
2015,国際民事訴訟法,高田裕成
2015,上級金融商品取引法,松尾直彦
2015,先端会社法,黒田康之
2015,租税と諸法,藤枝純
2015,国際商事仲裁,手塚裕之
